letter	frequency
Drama	0.13513513513513514
Horror	0.05405405405405406
Thriller	0.08108108108108109
Romance	0.05405405405405406
Comedy	0.05405405405405406
Documentary	0.05
War	0.05
History	0.05
Adventure	0.05405405405405406
Action	0.08108108108108109
Science Fiction	0.05405405405405406
Fantasy	0.05405405405405406
Animation	0.05
Family	0.08108108108108109
Western	0.05
Crime	0.05405405405405406
TV Movie	0.05
Foreign	0.05
Mystery	0.05
Music	0.05
