letter	frequency
Drama	0.22916666666666666
Horror	0.05
Thriller	0.10416666666666667
Romance	0.041666666666666664
Comedy	0.05
Documentary	0.05
War	0.05
History	0.05
Adventure	0.041666666666666664
Action	0.10416666666666667
Science Fiction	0.041666666666666664
Fantasy	0.041666666666666664
Animation	0.05
Family	0.041666666666666664
Western	0.041666666666666664
Crime	0.10416666666666667
TV Movie	0.05
Foreign	0.05
Mystery	0.05
Music	0.05
