letter	frequency
Drama	0.2638888888888889
Horror	0.05
Thriller	0.09722222222222222
Romance	0.05555555555555555
Comedy	0.05
Documentary	0.09722222222222222
War	0.05555555555555555
History	0.05555555555555555
Adventure	0.05
Action	0.027777777777777776
Science Fiction	0.027777777777777776
Fantasy	0.05
Animation	0.05
Family	0.05
Western	0.05
Crime	0.1527777777777778
TV Movie	0.05
Foreign	0.05
Mystery	0.027777777777777776
Music	0.05
