{"teama": 0.057533424194050754, "teamb": 0.05278013387792037, "teamc": 0.038612301520987664}