{"teama": 0.06041315428344105, "teamb": 0.04406516064595267, "teamc": 0.060365087316472894}